{"udp-tsch|minimal|4_4|80.0": {"default": {"calculate_range": [12, 48.68305882352941]}, "calculate_range": [13, 55.39779411764707]}, "udp-tsch|minimal|4_4|20.0": {"default": {"calculate_range": [12, 43.45700000000001]}, "calculate_range": [13, 67.94444117647056]}, "udp-tsch|minimal|8_8|80.0": {"default": {"calculate_range": [6, 17.10394117647057]}, "calculate_range": [19, 117.91205882352942]}, "udp-tsch|minimal|8_8|20.0": {"default": {"calculate_range": [7, 51.75635294117647]}, "calculate_range": [18, 141.22717647058823]}, "udp-tsch|orchestra|4_4|80.0": {"default": {"calculate_range": [9, 30.354352941176487]}, "calculate_range": [16, 77.37823529411764]}, "udp-tsch|orchestra|4_4|20.0": {"default": {"calculate_range": [10, 24.419117647058822]}, "calculate_range": [15, 66.64647058823529]}, "udp-tsch|orchestra|8_8|80.0": {"default": {"calculate_range": [13, 50.147823529411724]}, "calculate_range": [12, 55.82202941176472]}, "udp-tsch|orchestra|8_8|20.0": {"default": {"calculate_range": [11, 68.82658823529412]}, "calculate_range": [14, 81.66620588235298]}, "simple-node|minimal|4_4|80.0": {"default": {"calculate_range": [12, 66.12794117647059], "calculate_channel": [1, 3.022882352941174]}, "calculate_range": [13, 59.65517647058823], "calculate_channel": [4, 16.722176470588245]}, "simple-node|minimal|4_4|20.0": {"default": {"calculate_range": [12, 55.082676470588225], "calculate_channel": [10, 43.353999999999985]}, "calculate_range": [13, 55.00547058823531], "calculate_channel": [15, 59.84970552941177]}, "simple-node|minimal|8_8|80.0": {"default": {"calculate_range": [10, 45.65129411764706], "calculate_channel": [10, 52.09888235294115]}, "calculate_range": [15, 66.45679411764706], "calculate_channel": [15, 51.157029411764704]}, "simple-node|minimal|8_8|20.0": {"default": {"calculate_range": [7, 38.50958823529412], "calculate_channel": [12, 55.35626470588237]}, "calculate_range": [18, 95.28732352941172], "calculate_channel": [13, 91.11576470588236]}, "simple-node|orchestra|4_4|80.0": {"default": {"calculate_range": [12, 66.12794117647059]}, "calculate_range": [13, 59.65517647058823]}, "simple-node|orchestra|4_4|20.0": {"default": {"calculate_range": [12, 55.082676470588225]}, "calculate_range": [13, 55.00547058823531]}, "simple-node|orchestra|8_8|80.0": {"default": {"calculate_range": [10, 45.65129411764706]}, "calculate_range": [15, 66.45679411764706]}, "simple-node|orchestra|8_8|20.0": {"default": {"calculate_range": [7, 38.50958823529412]}, "calculate_range": [18, 95.28732352941172]}}